TileSeeker,0,60
Decomposer Unit 0,14,138,143,146,161,166,179,180,197,200,215,217,233,234,238,245,261,264,266,269,284,305,318,329,338,339,340,343,358,363,365,372,383,386,389,393,409,410,414,415,420,421,422,426,427,430,432,459,460,463,464,466,482,484,500,503,505,507,523,524,541,550,566,567,571,572,573,574,575,576,580,582,585,586,587,592,594,597,601,606,607,610,614,615,619,635,639,643,644,652,653,660,661,662,663,665,668,669,673,677,681,688,691,692,693,697,698,699,700,708,710,713,715,718,720,721,722,730,731,734,735,736,737,738,740,782,783,787,788,792,793,797,799,807
Decomposer Unit 1,15,19,20,141,298,301,360,362,365,366,383,384,389,392,409,412,414,430,432,452,453,459,460,472,482,483,505,508,523,524,546,549,571,576,580,581,585,599,601,602,603,607,614,615,619,629,632,635,639,641,642,643,646,648,651,652,668,680,681,688,691,692,698,706,715,723,724,725,726,730,731,734,735,736,737,741,742,743,744,745,746,747,748,767,770,782,785,793,800,808
Decomposer Unit 2,16,20,21,144,300,301,383,385,389,395,414,424,432,433,434,439,440,444,446,447,460,462,548,553,571,572,601,602,603,605,619,628,639,650,673,676,700,701,703,705,726,728,731,732,735,743,748,771
Decomposer Unit 3,22,141,389,398,420,421,432,447,571,574,601,614,621,626,639,647,700,704,731,732,735,746,748,761,765,766,770,779
Decomposer Unit 4,26,146,389,409,432,436,438,439,442,445,571,572,603,610,621,633,639,663,731,732,735,763,765,766,770,771,772,781
Decomposer Unit 5,27,140,432,441,571,573,603,605,621,624,625,628,639,648,731,761,770,775,776,777,779,780,781,783
Decomposer Unit 6,27,140,432,435,571,572,621,636,639,640,731,736,737,738,742,744,748,749,750,756,770,775,779,794
Decomposer Unit 7,27,139,432,433,621,626,639,643,731,733,735,741,748,749,750,756,770,777,781,801
InsideTileDecomposer,16,839
MinTileRaster,32,151,286,289,292,294,298,304,320,321,325,326,360,361,362,363,385,386,391,394,395,397,417,419,421,423,424,427,429,430,434,459,462,469,484,485,502,504,507,508,545,546,548,552,573,574,582,583,589,591,598,599,603,613,621,635,641,642,644,662,665,666,670,674,675,678,683,686,700,703,704,706,717,723,724,730,733,838
